--
-- PostgreSQL database dump
--

\restrict ZhgDnFw03hI9WxBtu7dcKaD8KiYfcyCrMn3d2abYEpb0Ii9zaecNTZ2xuQu8u82

-- Dumped from database version 16.13 (Ubuntu 16.13-0ubuntu0.24.04.1)
-- Dumped by pg_dump version 16.13 (Ubuntu 16.13-0ubuntu0.24.04.1)

-- Started on 2026-03-20 16:39:10 CET

SET statement_timeout = 0;
SET lock_timeout = 0;
SET idle_in_transaction_session_timeout = 0;
SET client_encoding = 'UTF8';
SET standard_conforming_strings = on;
SELECT pg_catalog.set_config('search_path', '', false);
SET check_function_bodies = false;
SET xmloption = content;
SET client_min_messages = warning;
SET row_security = off;

--
-- TOC entry 3506 (class 1262 OID 16389)
-- Name: web4all; Type: DATABASE; Schema: -; Owner: -
--

CREATE DATABASE web4all WITH TEMPLATE = template0 ENCODING = 'UTF8' LOCALE_PROVIDER = libc LOCALE = 'fr_FR.UTF-8';


\unrestrict ZhgDnFw03hI9WxBtu7dcKaD8KiYfcyCrMn3d2abYEpb0Ii9zaecNTZ2xuQu8u82
\connect web4all
\restrict ZhgDnFw03hI9WxBtu7dcKaD8KiYfcyCrMn3d2abYEpb0Ii9zaecNTZ2xuQu8u82

SET statement_timeout = 0;
SET lock_timeout = 0;
SET idle_in_transaction_session_timeout = 0;
SET client_encoding = 'UTF8';
SET standard_conforming_strings = on;
SELECT pg_catalog.set_config('search_path', '', false);
SET check_function_bodies = false;
SET xmloption = content;
SET client_min_messages = warning;
SET row_security = off;

SET default_tablespace = '';

SET default_table_access_method = heap;

--
-- TOC entry 226 (class 1259 OID 16440)
-- Name: competence; Type: TABLE; Schema: public; Owner: -
--

CREATE TABLE public.competence (
    id_competence integer NOT NULL,
    competence character varying(255) NOT NULL
);


--
-- TOC entry 225 (class 1259 OID 16439)
-- Name: competence_id_competence_seq; Type: SEQUENCE; Schema: public; Owner: -
--

ALTER TABLE public.competence ALTER COLUMN id_competence ADD GENERATED BY DEFAULT AS IDENTITY (
    SEQUENCE NAME public.competence_id_competence_seq
    START WITH 1
    INCREMENT BY 1
    NO MINVALUE
    NO MAXVALUE
    CACHE 1
);


--
-- TOC entry 221 (class 1259 OID 16417)
-- Name: entreprise; Type: TABLE; Schema: public; Owner: -
--

CREATE TABLE public.entreprise (
    id_entreprise integer NOT NULL,
    nom character varying(255) NOT NULL,
    description text,
    email character varying(255),
    telephone character varying(30),
    valide boolean DEFAULT true NOT NULL,
    valide_id_ident integer,
    valide_lastupdate timestamp without time zone
);


--
-- TOC entry 220 (class 1259 OID 16416)
-- Name: entreprise_id_entreprise_seq; Type: SEQUENCE; Schema: public; Owner: -
--

ALTER TABLE public.entreprise ALTER COLUMN id_entreprise ADD GENERATED BY DEFAULT AS IDENTITY (
    SEQUENCE NAME public.entreprise_id_entreprise_seq
    START WITH 1
    INCREMENT BY 1
    NO MINVALUE
    NO MAXVALUE
    CACHE 1
);


--
-- TOC entry 222 (class 1259 OID 16425)
-- Name: evaluation; Type: TABLE; Schema: public; Owner: -
--

CREATE TABLE public.evaluation (
    id_entreprise integer NOT NULL,
    id_ident integer NOT NULL,
    note smallint NOT NULL
);


--
-- TOC entry 216 (class 1259 OID 16391)
-- Name: ident; Type: TABLE; Schema: public; Owner: -
--

CREATE TABLE public.ident (
    id_ident integer NOT NULL,
    email character varying(255) NOT NULL,
    passwd character varying(255) NOT NULL,
    id_role smallint NOT NULL,
    nom character varying(255) NOT NULL,
    prenom character varying(255) NOT NULL,
    valide boolean DEFAULT true NOT NULL,
    valide_id_ident integer,
    valide_lastupdate timestamp without time zone
);


--
-- TOC entry 215 (class 1259 OID 16390)
-- Name: ident_id_ident_seq; Type: SEQUENCE; Schema: public; Owner: -
--

ALTER TABLE public.ident ALTER COLUMN id_ident ADD GENERATED BY DEFAULT AS IDENTITY (
    SEQUENCE NAME public.ident_id_ident_seq
    START WITH 1
    INCREMENT BY 1
    NO MINVALUE
    NO MAXVALUE
    CACHE 1
);


--
-- TOC entry 224 (class 1259 OID 16431)
-- Name: offre; Type: TABLE; Schema: public; Owner: -
--

CREATE TABLE public.offre (
    id_offre integer NOT NULL,
    id_entreprise integer NOT NULL,
    titre character varying(255) NOT NULL,
    description text,
    base_remuneration numeric(10,2) NOT NULL,
    date_offre date NOT NULL,
    valide boolean DEFAULT true NOT NULL,
    valide_id_ident integer,
    valide_lastupdate timestamp without time zone
);


--
-- TOC entry 227 (class 1259 OID 16447)
-- Name: offre_has_competence; Type: TABLE; Schema: public; Owner: -
--

CREATE TABLE public.offre_has_competence (
    id_offre integer NOT NULL,
    id_competence integer NOT NULL
);


--
-- TOC entry 223 (class 1259 OID 16430)
-- Name: offre_id_offre_seq; Type: SEQUENCE; Schema: public; Owner: -
--

ALTER TABLE public.offre ALTER COLUMN id_offre ADD GENERATED BY DEFAULT AS IDENTITY (
    SEQUENCE NAME public.offre_id_offre_seq
    START WITH 1
    INCREMENT BY 1
    NO MINVALUE
    NO MAXVALUE
    CACHE 1
);


--
-- TOC entry 230 (class 1259 OID 16519)
-- Name: page_fonction; Type: TABLE; Schema: public; Owner: -
--

CREATE TABLE public.page_fonction (
    permission character varying(255) NOT NULL,
    menu character varying(100),
    label character varying(100),
    url character varying(255),
    menu_order integer DEFAULT 0,
    item_order integer DEFAULT 0
);


--
-- TOC entry 219 (class 1259 OID 16406)
-- Name: permission; Type: TABLE; Schema: public; Owner: -
--

CREATE TABLE public.permission (
    id_role integer NOT NULL,
    permission character varying(255) NOT NULL,
    allowed boolean DEFAULT false NOT NULL
);


--
-- TOC entry 229 (class 1259 OID 16457)
-- Name: postule; Type: TABLE; Schema: public; Owner: -
--

CREATE TABLE public.postule (
    id_ident integer NOT NULL,
    id_offre integer NOT NULL,
    cv character varying(255) NOT NULL,
    lettre_motivation character varying(255) NOT NULL
);


--
-- TOC entry 218 (class 1259 OID 16400)
-- Name: role; Type: TABLE; Schema: public; Owner: -
--

CREATE TABLE public.role (
    id_role integer NOT NULL,
    role character varying(255) NOT NULL
);


--
-- TOC entry 217 (class 1259 OID 16399)
-- Name: role_id_role_seq; Type: SEQUENCE; Schema: public; Owner: -
--

ALTER TABLE public.role ALTER COLUMN id_role ADD GENERATED BY DEFAULT AS IDENTITY (
    SEQUENCE NAME public.role_id_role_seq
    START WITH 1
    INCREMENT BY 1
    NO MINVALUE
    NO MAXVALUE
    CACHE 1
);


--
-- TOC entry 228 (class 1259 OID 16452)
-- Name: wishlist; Type: TABLE; Schema: public; Owner: -
--

CREATE TABLE public.wishlist (
    id_ident integer NOT NULL,
    id_offre integer NOT NULL
);


--
-- TOC entry 3496 (class 0 OID 16440)
-- Dependencies: 226
-- Data for Name: competence; Type: TABLE DATA; Schema: public; Owner: -
--

COPY public.competence (id_competence, competence) FROM stdin;
1	rigueur
2	ponctualite
3	administration linux
4	administration reseau
5	developpement web
\.


--
-- TOC entry 3491 (class 0 OID 16417)
-- Dependencies: 221
-- Data for Name: entreprise; Type: TABLE DATA; Schema: public; Owner: -
--

COPY public.entreprise (id_entreprise, nom, description, email, telephone, valide, valide_id_ident, valide_lastupdate) FROM stdin;
5	Monaco Telecom	ceci est Monaco Telecom de  la mort de mort	foo@bar.baz	+33 611920698	t	\N	\N
11	SBM	this is sbm	b@b.com	+33 607080911	t	\N	\N
12	Mairie	this is mairie	c@c.com	+33 607080912	t	\N	\N
13	CHPG	this is chpg	d@d.com	+33 607080913	t	\N	\N
14	Ccss	this is ccss	e@e.com	+33 607080914	t	\N	\N
15	SBM Offshore	this is sbm offshore	f@f.com	+33 607080915	t	\N	\N
16	CFM	this is CFM	g@g.com	+33 607080916	t	\N	\N
18	DSI	This is la DSI	h@h.com	+33 607080920	t	\N	\N
19	Monaco Parkings	This is MP	i@i.com	+33 607080921	t	\N	\N
20	Tribunal de Monaco	This is the tribunal	j@j.com	+33 607080922	t	\N	\N
21	Education Nationale	This is the education nationale	k@k.com	+33 607080923	t	\N	\N
22	Monaco Digital	This is Monaco digital	l@l.com	+33 607080924	t	\N	\N
10	Telis	this is Telis	a@a.com	+33 607080910	t	\N	\N
23	AMSN	This is l AMSN	l@l.fr	+33 607080925	t	1	2026-03-18 17:59:36
\.


--
-- TOC entry 3492 (class 0 OID 16425)
-- Dependencies: 222
-- Data for Name: evaluation; Type: TABLE DATA; Schema: public; Owner: -
--

COPY public.evaluation (id_entreprise, id_ident, note) FROM stdin;
\.


--
-- TOC entry 3486 (class 0 OID 16391)
-- Dependencies: 216
-- Data for Name: ident; Type: TABLE DATA; Schema: public; Owner: -
--

COPY public.ident (id_ident, email, passwd, id_role, nom, prenom, valide, valide_id_ident, valide_lastupdate) FROM stdin;
1	ju@thegoat.com	$2y$10$u0pw8GBrhVDZjhOG/Lh0guyxlHe5VdjUWUV6FycO0n8RSJry6POli	1	Thegoat	ju	t	\N	\N
2	ju@thepilote.com	$2y$10$Ma0kJn9X9AjD1USWiUfWGepqYX54d.OX0C8pfaFLzUqm3BLf.vPP.	2	Thepilote	ju	t	\N	\N
3	ju@thestudent.com	$2y$10$JCuSd9690Ucg.ITiiBrvPODIdmjQg/qeNrJGSjfiYsj6psrgitrRa	3	Thestudent	julian	t	1	2026-03-19 16:46:01
\.


--
-- TOC entry 3494 (class 0 OID 16431)
-- Dependencies: 224
-- Data for Name: offre; Type: TABLE DATA; Schema: public; Owner: -
--

COPY public.offre (id_offre, id_entreprise, titre, description, base_remuneration, date_offre, valide, valide_id_ident, valide_lastupdate) FROM stdin;
1	22	Administrateur Linux	On cherche un admin de la mort	2500.00	2026-03-20	t	1	2026-03-20 16:14:29
\.


--
-- TOC entry 3497 (class 0 OID 16447)
-- Dependencies: 227
-- Data for Name: offre_has_competence; Type: TABLE DATA; Schema: public; Owner: -
--

COPY public.offre_has_competence (id_offre, id_competence) FROM stdin;
1	4
\.


--
-- TOC entry 3500 (class 0 OID 16519)
-- Dependencies: 230
-- Data for Name: page_fonction; Type: TABLE DATA; Schema: public; Owner: -
--

COPY public.page_fonction (permission, menu, label, url, menu_order, item_order) FROM stdin;
entreprise_create	Entreprise	Create	entreprise/create	1	1
entreprise_recherche	Entreprise	Recherche	entreprise/recherche	1	0
admin_permissions	Admin	Permissions	admin/permissions	98	0
home_index	Home	Accueil	home/index	0	0
auth_login	Auth	Login	auth/login	99	0
auth_logout	Auth	Logout	auth/logout	99	1
entreprise_delete	\N	\N	\N	0	0
sitemap_index	\N	\N	\N	0	0
static_contact	Static	Contact	contact	97	0
static_mentions_legales	Static	Mentions Legales	mentions_legales	97	1
static_plan_site	Static	Plan	plan_site	97	2
ident_delete	\N	\N	\N	0	0
ident_create	Ident	Create	ident/create	2	1
ident_recherche	Ident	Recherche	ident/recherche	2	0
ident_modify	Ident	Modify	ident/recherche	2	2
entreprise_modify	Entreprise	Modify	entreprise/recherche	1	2
offre_create	Offre	Create	offre/create	3	1
offre_recherche	Offre	Recherche	offre/recherche	3	0
offre_modify	Offre	Modify	offre/recherche	3	2
offre_delete	\N	\N	\N	0	0
\.


--
-- TOC entry 3489 (class 0 OID 16406)
-- Dependencies: 219
-- Data for Name: permission; Type: TABLE DATA; Schema: public; Owner: -
--

COPY public.permission (id_role, permission, allowed) FROM stdin;
1	ident_modify	t
1	ident_recherche	t
1	offre_create	t
4	offre_modify	f
4	offre_recherche	t
4	sitemap_index	t
4	static_contact	t
1	offre_modify	t
1	offre_recherche	t
1	sitemap_index	t
1	static_contact	t
1	static_mentions_legales	t
1	static_plan_site	t
2	admin_permissions	f
4	static_mentions_legales	t
4	static_plan_site	t
2	auth_login	t
2	auth_logout	t
2	entreprise_create	t
2	entreprise_delete	t
2	entreprise_modify	t
2	entreprise_recherche	t
2	home_index	t
2	ident_create	t
2	ident_delete	f
2	ident_modify	t
2	ident_recherche	t
2	offre_create	t
2	offre_modify	t
2	offre_recherche	t
2	sitemap_index	t
2	static_contact	t
2	static_mentions_legales	t
2	static_plan_site	t
3	admin_permissions	f
3	auth_login	t
3	auth_logout	t
3	entreprise_create	f
3	entreprise_delete	f
3	entreprise_modify	f
3	entreprise_recherche	t
3	home_index	t
3	ident_create	f
3	ident_delete	f
3	ident_modify	t
3	ident_recherche	t
3	offre_create	f
3	offre_modify	f
3	offre_recherche	t
3	sitemap_index	t
3	static_contact	t
3	static_mentions_legales	t
3	static_plan_site	t
4	admin_permissions	f
4	auth_login	t
4	auth_logout	f
4	entreprise_create	f
4	entreprise_delete	f
1	admin_permissions	t
1	auth_login	t
1	auth_logout	t
1	entreprise_create	t
1	entreprise_delete	t
1	entreprise_modify	t
1	entreprise_recherche	t
4	entreprise_modify	f
4	entreprise_recherche	t
4	home_index	t
4	ident_create	f
4	ident_delete	f
1	home_index	t
1	ident_create	t
1	ident_delete	t
4	ident_modify	f
4	ident_recherche	t
4	offre_create	f
\.


--
-- TOC entry 3499 (class 0 OID 16457)
-- Dependencies: 229
-- Data for Name: postule; Type: TABLE DATA; Schema: public; Owner: -
--

COPY public.postule (id_ident, id_offre, cv, lettre_motivation) FROM stdin;
\.


--
-- TOC entry 3488 (class 0 OID 16400)
-- Dependencies: 218
-- Data for Name: role; Type: TABLE DATA; Schema: public; Owner: -
--

COPY public.role (id_role, role) FROM stdin;
1	admin
2	pilote
3	etudiant
4	guest
\.


--
-- TOC entry 3498 (class 0 OID 16452)
-- Dependencies: 228
-- Data for Name: wishlist; Type: TABLE DATA; Schema: public; Owner: -
--

COPY public.wishlist (id_ident, id_offre) FROM stdin;
\.


--
-- TOC entry 3507 (class 0 OID 0)
-- Dependencies: 225
-- Name: competence_id_competence_seq; Type: SEQUENCE SET; Schema: public; Owner: -
--

SELECT pg_catalog.setval('public.competence_id_competence_seq', 5, true);


--
-- TOC entry 3508 (class 0 OID 0)
-- Dependencies: 220
-- Name: entreprise_id_entreprise_seq; Type: SEQUENCE SET; Schema: public; Owner: -
--

SELECT pg_catalog.setval('public.entreprise_id_entreprise_seq', 23, true);


--
-- TOC entry 3509 (class 0 OID 0)
-- Dependencies: 215
-- Name: ident_id_ident_seq; Type: SEQUENCE SET; Schema: public; Owner: -
--

SELECT pg_catalog.setval('public.ident_id_ident_seq', 3, true);


--
-- TOC entry 3510 (class 0 OID 0)
-- Dependencies: 223
-- Name: offre_id_offre_seq; Type: SEQUENCE SET; Schema: public; Owner: -
--

SELECT pg_catalog.setval('public.offre_id_offre_seq', 1, true);


--
-- TOC entry 3511 (class 0 OID 0)
-- Dependencies: 217
-- Name: role_id_role_seq; Type: SEQUENCE SET; Schema: public; Owner: -
--

SELECT pg_catalog.setval('public.role_id_role_seq', 4, true);


--
-- TOC entry 3320 (class 2606 OID 16446)
-- Name: competence competence_competence_key; Type: CONSTRAINT; Schema: public; Owner: -
--

ALTER TABLE ONLY public.competence
    ADD CONSTRAINT competence_competence_key UNIQUE (competence);


--
-- TOC entry 3322 (class 2606 OID 16444)
-- Name: competence competence_pkey; Type: CONSTRAINT; Schema: public; Owner: -
--

ALTER TABLE ONLY public.competence
    ADD CONSTRAINT competence_pkey PRIMARY KEY (id_competence);


--
-- TOC entry 3314 (class 2606 OID 16424)
-- Name: entreprise entreprise_pkey; Type: CONSTRAINT; Schema: public; Owner: -
--

ALTER TABLE ONLY public.entreprise
    ADD CONSTRAINT entreprise_pkey PRIMARY KEY (id_entreprise);


--
-- TOC entry 3316 (class 2606 OID 16429)
-- Name: evaluation evaluation_pkey; Type: CONSTRAINT; Schema: public; Owner: -
--

ALTER TABLE ONLY public.evaluation
    ADD CONSTRAINT evaluation_pkey PRIMARY KEY (id_entreprise, id_ident);


--
-- TOC entry 3308 (class 2606 OID 16398)
-- Name: ident ident_pkey; Type: CONSTRAINT; Schema: public; Owner: -
--

ALTER TABLE ONLY public.ident
    ADD CONSTRAINT ident_pkey PRIMARY KEY (id_ident);


--
-- TOC entry 3324 (class 2606 OID 16451)
-- Name: offre_has_competence offre_has_competence_pkey; Type: CONSTRAINT; Schema: public; Owner: -
--

ALTER TABLE ONLY public.offre_has_competence
    ADD CONSTRAINT offre_has_competence_pkey PRIMARY KEY (id_offre, id_competence);


--
-- TOC entry 3318 (class 2606 OID 16438)
-- Name: offre offre_pkey; Type: CONSTRAINT; Schema: public; Owner: -
--

ALTER TABLE ONLY public.offre
    ADD CONSTRAINT offre_pkey PRIMARY KEY (id_offre);


--
-- TOC entry 3330 (class 2606 OID 16523)
-- Name: page_fonction page_fonction_pkey; Type: CONSTRAINT; Schema: public; Owner: -
--

ALTER TABLE ONLY public.page_fonction
    ADD CONSTRAINT page_fonction_pkey PRIMARY KEY (permission);


--
-- TOC entry 3312 (class 2606 OID 16413)
-- Name: permission permission_pkey; Type: CONSTRAINT; Schema: public; Owner: -
--

ALTER TABLE ONLY public.permission
    ADD CONSTRAINT permission_pkey PRIMARY KEY (id_role, permission);


--
-- TOC entry 3328 (class 2606 OID 16463)
-- Name: postule postule_pkey; Type: CONSTRAINT; Schema: public; Owner: -
--

ALTER TABLE ONLY public.postule
    ADD CONSTRAINT postule_pkey PRIMARY KEY (id_ident, id_offre);


--
-- TOC entry 3310 (class 2606 OID 16404)
-- Name: role role_pkey; Type: CONSTRAINT; Schema: public; Owner: -
--

ALTER TABLE ONLY public.role
    ADD CONSTRAINT role_pkey PRIMARY KEY (id_role);


--
-- TOC entry 3326 (class 2606 OID 16456)
-- Name: wishlist wishlist_pkey; Type: CONSTRAINT; Schema: public; Owner: -
--

ALTER TABLE ONLY public.wishlist
    ADD CONSTRAINT wishlist_pkey PRIMARY KEY (id_ident, id_offre);


--
-- TOC entry 3333 (class 2606 OID 16474)
-- Name: evaluation evaluation_id_entreprise_fkey; Type: FK CONSTRAINT; Schema: public; Owner: -
--

ALTER TABLE ONLY public.evaluation
    ADD CONSTRAINT evaluation_id_entreprise_fkey FOREIGN KEY (id_entreprise) REFERENCES public.entreprise(id_entreprise) ON UPDATE RESTRICT ON DELETE RESTRICT;


--
-- TOC entry 3334 (class 2606 OID 16479)
-- Name: evaluation evaluation_id_ident_fkey; Type: FK CONSTRAINT; Schema: public; Owner: -
--

ALTER TABLE ONLY public.evaluation
    ADD CONSTRAINT evaluation_id_ident_fkey FOREIGN KEY (id_ident) REFERENCES public.ident(id_ident) ON UPDATE RESTRICT ON DELETE RESTRICT;


--
-- TOC entry 3331 (class 2606 OID 16464)
-- Name: ident ident_id_role_fkey; Type: FK CONSTRAINT; Schema: public; Owner: -
--

ALTER TABLE ONLY public.ident
    ADD CONSTRAINT ident_id_role_fkey FOREIGN KEY (id_role) REFERENCES public.role(id_role) ON UPDATE RESTRICT ON DELETE RESTRICT;


--
-- TOC entry 3336 (class 2606 OID 16494)
-- Name: offre_has_competence offre_has_competence_id_competence_fkey; Type: FK CONSTRAINT; Schema: public; Owner: -
--

ALTER TABLE ONLY public.offre_has_competence
    ADD CONSTRAINT offre_has_competence_id_competence_fkey FOREIGN KEY (id_competence) REFERENCES public.competence(id_competence) ON UPDATE RESTRICT ON DELETE RESTRICT;


--
-- TOC entry 3337 (class 2606 OID 16489)
-- Name: offre_has_competence offre_has_competence_id_offre_fkey; Type: FK CONSTRAINT; Schema: public; Owner: -
--

ALTER TABLE ONLY public.offre_has_competence
    ADD CONSTRAINT offre_has_competence_id_offre_fkey FOREIGN KEY (id_offre) REFERENCES public.offre(id_offre) ON UPDATE RESTRICT ON DELETE RESTRICT;


--
-- TOC entry 3335 (class 2606 OID 16484)
-- Name: offre offre_id_entreprise_fkey; Type: FK CONSTRAINT; Schema: public; Owner: -
--

ALTER TABLE ONLY public.offre
    ADD CONSTRAINT offre_id_entreprise_fkey FOREIGN KEY (id_entreprise) REFERENCES public.entreprise(id_entreprise) ON UPDATE RESTRICT ON DELETE RESTRICT;


--
-- TOC entry 3332 (class 2606 OID 16469)
-- Name: permission permission_id_role_fkey; Type: FK CONSTRAINT; Schema: public; Owner: -
--

ALTER TABLE ONLY public.permission
    ADD CONSTRAINT permission_id_role_fkey FOREIGN KEY (id_role) REFERENCES public.role(id_role) ON UPDATE RESTRICT ON DELETE RESTRICT;


--
-- TOC entry 3340 (class 2606 OID 16509)
-- Name: postule postule_id_ident_fkey; Type: FK CONSTRAINT; Schema: public; Owner: -
--

ALTER TABLE ONLY public.postule
    ADD CONSTRAINT postule_id_ident_fkey FOREIGN KEY (id_ident) REFERENCES public.ident(id_ident) ON UPDATE RESTRICT ON DELETE RESTRICT;


--
-- TOC entry 3341 (class 2606 OID 16514)
-- Name: postule postule_id_offre_fkey; Type: FK CONSTRAINT; Schema: public; Owner: -
--

ALTER TABLE ONLY public.postule
    ADD CONSTRAINT postule_id_offre_fkey FOREIGN KEY (id_offre) REFERENCES public.offre(id_offre) ON UPDATE RESTRICT ON DELETE RESTRICT;


--
-- TOC entry 3338 (class 2606 OID 16499)
-- Name: wishlist wishlist_id_ident_fkey; Type: FK CONSTRAINT; Schema: public; Owner: -
--

ALTER TABLE ONLY public.wishlist
    ADD CONSTRAINT wishlist_id_ident_fkey FOREIGN KEY (id_ident) REFERENCES public.ident(id_ident) ON UPDATE RESTRICT ON DELETE RESTRICT;


--
-- TOC entry 3339 (class 2606 OID 16504)
-- Name: wishlist wishlist_id_offre_fkey; Type: FK CONSTRAINT; Schema: public; Owner: -
--

ALTER TABLE ONLY public.wishlist
    ADD CONSTRAINT wishlist_id_offre_fkey FOREIGN KEY (id_offre) REFERENCES public.offre(id_offre) ON UPDATE RESTRICT ON DELETE RESTRICT;


-- Completed on 2026-03-20 16:39:10 CET

--
-- PostgreSQL database dump complete
--

\unrestrict ZhgDnFw03hI9WxBtu7dcKaD8KiYfcyCrMn3d2abYEpb0Ii9zaecNTZ2xuQu8u82

